State,year,morphine_mg_pp,unemp_rate_change_since_2006,morphine_mg_pp_change_since_2006,pct_greater45_change_since_2006,distance,pairing_state
NY,2007,-0.8906860187568874,-0.009199318568994808,0.1692830823499747,0.012794047566380584,0.17503937243503606,TX
VA,2007,-0.8237556170115999,-0.0014858841010400026,0.11531312350892464,0.013248140182293922,0.24154197675742323,TX
ID,2007,-0.6981171019643849,-0.15592286501377406,0.0818396145161362,0.008482657346735367,0.34163785465912483,TX
DE,2010,2.7793620750877377,1.3466666666666667,1.0910501450454513,0.060943510194475525,2.1332101786411353,FL
NV,2010,1.6068799278427472,1.8358585858585856,0.5311879253769565,0.04686026283003519,2.7721319087219984,FL
TN,2010,1.5448624615690003,0.8489015596176419,0.5850250913393431,0.048047659929706166,3.380054167484526,FL
MA,2012,-0.5584580919186888,0.579646017699115,0.3093480001206712,0.07172075105247733,0.27782600831682325,WA
VT,2012,-0.8044139426915976,0.3677966101694916,0.31932017515557987,0.08911805178566512,0.4102090208101676,WA
MT,2012,-0.11317867573774638,0.5338567222767421,0.4483448923845057,0.04458490068262022,0.4742377763988631,WA
